"title","body","rating","review_date","reviewer_name","reviewer_email","product_id","product_handle","sku","product_name"
"Handy","folds away neatly","5","2026-02-09","Camille Laurent","camille.laurent.1@example.com","9065859383459","acer-nitro-gaming-controller-for-smartphones","GP.OTH11.074","Acer Nitro Gaming Controller for Smartphones"
"Works well","good controller.","4","2026-02-11","Nikos Nikos","nikos.nikos.2@example.com","9065859383459","acer-nitro-gaming-controller-for-smartphones","GP.OTH11.074","Acer Nitro Gaming Controller for Smartphones"
"Useful controller","pass-through charging is useful and mobile games feel easier to control","5","2026-02-19","Lena Fischer","lena.fischer.3@example.com","9065859383459","acer-nitro-gaming-controller-for-smartphones","GP.OTH11.074","Acer Nitro Gaming Controller for Smartphones"
"Better than expected","usb-c connection is stable and sticks feel better than expected","5","2026-02-24","Sofia Rossi","sofia.rossi.4@example.com","9065859383459","acer-nitro-gaming-controller-for-smartphones","GP.OTH11.074","Acer Nitro Gaming Controller for Smartphones"
"Solid gaming","mobile games feel easier to control","4","2026-03-08","Mateusz Kowalski","mateusz.kowalski.5@example.com","9065859383459","acer-nitro-gaming-controller-for-smartphones","GP.OTH11.074","Acer Nitro Gaming Controller for Smartphones"
"Responsive","sticks feel better than expected","5","2026-03-19","Elena Garcia","elena.garcia.6@example.com","9065859383459","acer-nitro-gaming-controller-for-smartphones","GP.OTH11.074","Acer Nitro Gaming Controller for Smartphones"
"Good controller","input feels responsive","5","2026-03-22","Jonas Muller","jonas.muller.7@example.com","9065859383459","acer-nitro-gaming-controller-for-smartphones","GP.OTH11.074","Acer Nitro Gaming Controller for Smartphones"
"Secure grip","works with larger phones","5","2026-03-28","Ines Moreau","ines.moreau.8@example.com","9065859383459","acer-nitro-gaming-controller-for-smartphones","GP.OTH11.074","Acer Nitro Gaming Controller for Smartphones"
"Light","used it a bit now","5","2026-02-01","Petra Novak","petra.novak.9@example.com","9065901883555","acer-urban-backpack-grey-green","GP.BAG11.034","Acer Urban Backpack Grey / Green"
"Easy to carry","the colorway looks nice and the layout works for commuting","4","2026-02-09","Andreas Papadopoulos","andreas.papadopoulos.10@example.com","9065901883555","acer-urban-backpack-grey-green","GP.BAG11.034","Acer Urban Backpack Grey / Green"
"Comfortable bag","weight stays low which i appreciate","5","2026-02-12","Marie Dubois","marie.dubois.11@example.com","9065901883555","acer-urban-backpack-grey-green","GP.BAG11.034","Acer Urban Backpack Grey / Green"
"City backpack","it is easy to grab","5","2026-02-14","Luca Bianchi","luca.bianchi.12@example.com","9065901883555","acer-urban-backpack-grey-green","GP.BAG11.034","Acer Urban Backpack Grey / Green"
"Practical look","nice backpack.","5","2026-02-16","Petra Novak","petra.novak.13@example.com","9065901883555","acer-urban-backpack-grey-green","GP.BAG11.034","Acer Urban Backpack Grey / Green"
"Good fabric","the fabric feels decent and it works well for city use","5","2026-02-27","Yannis Georgiou","yannis.georgiou.14@example.com","9065901883555","acer-urban-backpack-grey-green","GP.BAG11.034","Acer Urban Backpack Grey / Green"
"Reliable","the fabric feels decent","5","2026-03-04","Marta Nowak","marta.nowak.15@example.com","9065901883555","acer-urban-backpack-grey-green","GP.BAG11.034","Acer Urban Backpack Grey / Green"
"All good here","ALl good","4","2026-03-12","Hugo Martin","hugo.martin.16@example.com","9065901883555","acer-urban-backpack-grey-green","GP.BAG11.034","Acer Urban Backpack Grey / Green"
"Fits laptop","it works well for city use","4","2026-03-28","Anna Weber","anna.weber.17@example.com","9065901883555","acer-urban-backpack-grey-green","GP.BAG11.034","Acer Urban Backpack Grey / Green"
"Better than expected","it fits a 15.6 inch laptop well","5","2026-04-06","Pavel Dvorak","pavel.dvorak.18@example.com","9065901883555","acer-urban-backpack-grey-green","GP.BAG11.034","Acer Urban Backpack Grey / Green"
"Clean daily carry","the layout works for commuting","5","2026-04-06","Camille Laurent","camille.laurent.19@example.com","9065901883555","acer-urban-backpack-grey-green","GP.BAG11.034","Acer Urban Backpack Grey / Green"
"Stable display outputs","charging through usb-c works well and it is handy as both dock and stand","4","2026-02-22","Oskar Johansson","oskar.johansson.20@example.com","9065873506467","acer-usb-type-c-13-in-1-docking-stand","HP.DSCAB.015","Acer USB Type-C 13 in 1 Docking Stand"
"Really useful now","display outputs have been reliable","5","2026-02-24","Claire Bernard","claire.bernard.21@example.com","9065873506467","acer-usb-type-c-13-in-1-docking-stand","HP.DSCAB.015","Acer USB Type-C 13 in 1 Docking Stand"
"Useful desk upgrade","setup was simple","4","2026-02-24","Dimitris Kouris","dimitris.kouris.22@example.com","9065873506467","acer-usb-type-c-13-in-1-docking-stand","HP.DSCAB.015","Acer USB Type-C 13 in 1 Docking Stand"
"Very practical dock","makes a laptop desk setup cleaner","5","2026-03-01","Felix Wagner","felix.wagner.23@example.com","9065873506467","acer-usb-type-c-13-in-1-docking-stand","HP.DSCAB.015","Acer USB Type-C 13 in 1 Docking Stand"
"Extra ports help","it is handy as both dock","5","2026-03-06","Chiara Romano","chiara.romano.24@example.com","9065873506467","acer-usb-type-c-13-in-1-docking-stand","HP.DSCAB.015","Acer USB Type-C 13 in 1 Docking Stand"
"Fine","works fine","5","2026-03-07","Tomasz Zielinski","tomasz.zielinski.25@example.com","9065873506467","acer-usb-type-c-13-in-1-docking-stand","HP.DSCAB.015","Acer USB Type-C 13 in 1 Docking Stand"
"Less cable clutter","desk cable clutter is much lower now and display outputs have been reliable","5","2026-03-11","Nora Klein","nora.klein.26@example.com","9065873506467","acer-usb-type-c-13-in-1-docking-stand","HP.DSCAB.015","Acer USB Type-C 13 in 1 Docking Stand"
"Smooth office tracking","tracking is smooth for office work","5","2026-02-01","Lucia Marino","lucia.marino.27@example.com","9065862594723","acer-vertical-mouse-smart-fit","HP.EXPBG.020","Acer Vertical Mouse Smart Fit"
"Comfortable","clicks are consistent","5","2026-02-12","Theo Lefevre","theo.lefevre.28@example.com","9065862594723","acer-vertical-mouse-smart-fit","HP.EXPBG.020","Acer Vertical Mouse Smart Fit"
"Reliable all day","it is easy to use all day","5","2026-02-13","Katarina Horvat","katarina.horvat.29@example.com","9065862594723","acer-vertical-mouse-smart-fit","HP.EXPBG.020","Acer Vertical Mouse Smart Fit"
"Much better comfort","wrist comfort is noticeably better","5","2026-02-14","Jens jens","jens.jens.30@example.com","9065862594723","acer-vertical-mouse-smart-fit","HP.EXPBG.020","Acer Vertical Mouse Smart Fit"
"Natural wrist position","happy with it because the angle helps reduce strain","5","2026-02-14","Amelie Morel","amelie.morel.31@example.com","9065862594723","acer-vertical-mouse-smart-fit","HP.EXPBG.020","Acer Vertical Mouse Smart Fit"
"Convenient travel kit","much better.","5","2026-02-21","Luca Bianchi","luca.bianchi.32@example.com","9065862594723","acer-vertical-mouse-smart-fit","HP.EXPBG.020","Acer Vertical Mouse Smart Fit"
"Good seller support","delivery had a delay but seller was responsive, clicks are consistent overall good pick","4","2026-02-27","Greta Hoffmann","greta.hoffmann.33@example.com","9065862594723","acer-vertical-mouse-smart-fit","HP.EXPBG.020","Acer Vertical Mouse Smart Fit"
"Easy plug and play","plug and play setup was easy","5","2026-02-28","Miguel Santos","miguel.santos.34@example.com","9065862594723","acer-vertical-mouse-smart-fit","HP.EXPBG.020","Acer Vertical Mouse Smart Fit"
"Not silent though","main downside is it is not silent, otherwise it is nice for long desk sessions","4","2026-03-09","Ewa Wisniewska","ewa.wisniewska.35@example.com","9065862594723","acer-vertical-mouse-smart-fit","HP.EXPBG.020","Acer Vertical Mouse Smart Fit"
"Clear desk setup","better than expected","5","2026-03-14","Noah Schmitt","noah.schmitt.36@example.com","9065862594723","acer-vertical-mouse-smart-fit","HP.EXPBG.020","Acer Vertical Mouse Smart Fit"
"Good value overall","the shape feels natural, but small hands may need time to adjust","4","2026-03-14","Elisa Conti","elisa.conti.37@example.com","9065862594723","acer-vertical-mouse-smart-fit","HP.EXPBG.020","Acer Vertical Mouse Smart Fit"
"Better wrist comfort","it feels light but usable and wrist comfort is noticeably better","5","2026-03-19","Lukas Becker","lukas.becker.38@example.com","9065862594723","acer-vertical-mouse-smart-fit","HP.EXPBG.020","Acer Vertical Mouse Smart Fit"
"Comfortable for work","it feels light but usable","5","2026-03-26","Irene Nikolaou","irene.nikolaou.39@example.com","9065862594723","acer-vertical-mouse-smart-fit","HP.EXPBG.020","Acer Vertical Mouse Smart Fit"
"Great","tracking is smooth for office work","4","2026-03-29","Jan Novak","jan.novak.40@example.com","9065862594723","acer-vertical-mouse-smart-fit","HP.EXPBG.020","Acer Vertical Mouse Smart Fit"
"Solid daily value","much better","4","2026-03-31","Julien Petit","julien.petit.41@example.com","9065862594723","acer-vertical-mouse-smart-fit","HP.EXPBG.020","Acer Vertical Mouse Smart Fit"
"Natural ergonomic shape","been using it daily","5","2026-04-01","Ari Ari","ari.ari.42@example.com","9065862594723","acer-vertical-mouse-smart-fit","HP.EXPBG.020","Acer Vertical Mouse Smart Fit"
"Reliable mobile speed","first impression: the shape feels natural","5","2026-04-03","Elena Garcia","elena.garcia.43@example.com","9065862594723","acer-vertical-mouse-smart-fit","HP.EXPBG.020","Acer Vertical Mouse Smart Fit"
"Good trip battery","speed is better than expected","5","2026-02-04","Florian Neumann","florian.neumann.44@example.com","9065860202659","acer-wi-fi-5g-mobile-hotspot-acer-connect-m6e","FF.G2VTA.001","Acer Wi-Fi 5G Mobile Hotspot | Acer Connect M6E"
"Useful abroad device","battery life is good for trips","5","2026-02-10","Paula Costa","paula.costa.45@example.com","9065860202659","acer-wi-fi-5g-mobile-hotspot-acer-connect-m6e","FF.G2VTA.001","Acer Wi-Fi 5G Mobile Hotspot | Acer Connect M6E"
"Useful","connection has been fast","4","2026-02-10","Romain Girard","romain.girard.46@example.com","9065860202659","acer-wi-fi-5g-mobile-hotspot-acer-connect-m6e","FF.G2VTA.001","Acer Wi-Fi 5G Mobile Hotspot | Acer Connect M6E"
"Reliable","very useful.","5","2026-02-12","Helena Schwarz","helena.schwarz.47@example.com","9065860202659","acer-wi-fi-5g-mobile-hotspot-acer-connect-m6e","FF.G2VTA.001","Acer Wi-Fi 5G Mobile Hotspot | Acer Connect M6E"
"Stable fast connection","very useful","5","2026-02-15","Marco Ricci","marco.ricci.48@example.com","9065860202659","acer-wi-fi-5g-mobile-hotspot-acer-connect-m6e","FF.G2VTA.001","Acer Wi-Fi 5G Mobile Hotspot | Acer Connect M6E"
"Easy touchscreen setup","the touchscreen makes setup easy and feels intuitive","5","2026-02-17","Anika Vogel","anika.vogel.49@example.com","9065860202659","acer-wi-fi-5g-mobile-hotspot-acer-connect-m6e","FF.G2VTA.001","Acer Wi-Fi 5G Mobile Hotspot | Acer Connect M6E"
"Much improved comfort","the touchscreen makes setup easy","4","2026-02-22","Stavros Pappas","stavros.pappas.50@example.com","9065860202659","acer-wi-fi-5g-mobile-hotspot-acer-connect-m6e","FF.G2VTA.001","Acer Wi-Fi 5G Mobile Hotspot | Acer Connect M6E"
"Handles many devices","it is useful abroad","5","2026-02-26","Celine Robert","celine.robert.51@example.com","9065860202659","acer-wi-fi-5g-mobile-hotspot-acer-connect-m6e","FF.G2VTA.001","Acer Wi-Fi 5G Mobile Hotspot | Acer Connect M6E"
"Useful","handles multiple devices well","5","2026-03-01","Milan Jankovic","milan.jankovic.52@example.com","9065860202659","acer-wi-fi-5g-mobile-hotspot-acer-connect-m6e","FF.G2VTA.001","Acer Wi-Fi 5G Mobile Hotspot | Acer Connect M6E"
"Saves tethering hassle","delivery had a delay but seller was responsive, still useful abroad","4","2026-03-03","Sara Esposito","sara.esposito.53@example.com","9065860202659","acer-wi-fi-5g-mobile-hotspot-acer-connect-m6e","FF.G2VTA.001","Acer Wi-Fi 5G Mobile Hotspot | Acer Connect M6E"
"Fast setup speed","easy to carry","5","2026-03-03","Benedikt Braun","benedikt.braun.54@example.com","9065860202659","acer-wi-fi-5g-mobile-hotspot-acer-connect-m6e","FF.G2VTA.001","Acer Wi-Fi 5G Mobile Hotspot | Acer Connect M6E"
"Good battery life","happy with it because the touchscreen makes setup easy","5","2026-03-15","Alina Mazur","alina.mazur.55@example.com","9065860202659","acer-wi-fi-5g-mobile-hotspot-acer-connect-m6e","FF.G2VTA.001","Acer Wi-Fi 5G Mobile Hotspot | Acer Connect M6E"
"Useful travel hotspot","been using it daily","5","2026-03-17","Felix Wagner","felix.wagner.56@example.com","9065860202659","acer-wi-fi-5g-mobile-hotspot-acer-connect-m6e","FF.G2VTA.001","Acer Wi-Fi 5G Mobile Hotspot | Acer Connect M6E"
"Clean RGB tracking","used it a bit now","5","2026-04-03","Eva Keller","eva.keller.57@example.com","9065860202659","acer-wi-fi-5g-mobile-hotspot-acer-connect-m6e","FF.G2VTA.001","Acer Wi-Fi 5G Mobile Hotspot | Acer Connect M6E"
"Accurate smooth sensor","been using it daily","5","2026-02-05","Dario Lombardi","dario.lombardi.58@example.com","9065862365347","predator-cestus-333-gaming-mouse","GP.MCE11.03S","Predator Cestus 333 Gaming Mouse"
"Very helpful abroad","sensor is accurate","5","2026-02-25","Magda Lewandowska","magda.lewandowska.59@example.com","9065862365347","predator-cestus-333-gaming-mouse","GP.MCE11.03S","Predator Cestus 333 Gaming Mouse"
"Crisp useful clicks","Quick delivery, works fine","5","2026-02-27","Henrik Larsen","henrik.larsen.60@example.com","9065862365347","predator-cestus-333-gaming-mouse","GP.MCE11.03S","Predator Cestus 333 Gaming Mouse"
"Works","clicks feel crisp","5","2026-03-01","Ana Silva","ana.silva.61@example.com","9065862365347","predator-cestus-333-gaming-mouse","GP.MCE11.03S","Predator Cestus 333 Gaming Mouse"
"Easy side buttons","works great","4","2026-03-08","Thanos Thanos","thanos.thanos.62@example.com","9065862365347","predator-cestus-333-gaming-mouse","GP.MCE11.03S","Predator Cestus 333 Gaming Mouse"
"Responsive DPI switch","first impression: glide is smooth","4","2026-03-09","Sophie Marchand","sophie.marchand.63@example.com","9065862365347","predator-cestus-333-gaming-mouse","GP.MCE11.03S","Predator Cestus 333 Gaming Mouse"
"Comfortable light cable","dpi switch is handy","5","2026-03-24","Matteo Ferri","matteo.ferri.64@example.com","9065862365347","predator-cestus-333-gaming-mouse","GP.MCE11.03S","Predator Cestus 333 Gaming Mouse"
"Light cable feel","shape is comfortable","5","2026-03-24","Sofia Rossi","sofia.rossi.65@example.com","9065862365347","predator-cestus-333-gaming-mouse","GP.MCE11.03S","Predator Cestus 333 Gaming Mouse"
"Easy carry case","cable feels light","5","2026-03-25","Olga Kaczmarek","olga.kaczmarek.66@example.com","9065862365347","predator-cestus-333-gaming-mouse","GP.MCE11.03S","Predator Cestus 333 Gaming Mouse"
"Fun RGB detail","battery is decent and the rgb detail is fun","5","2026-02-01","Pierre Gauthier","pierre.gauthier.67@example.com","9065901949091","predator-galea-330","GP.HDS11.01P","Predator Galea 330"
"Light ear fit","battery is decent","5","2026-02-02","Nina Baumann","nina.baumann.68@example.com","9065901949091","predator-galea-330","GP.HDS11.01P","Predator Galea 330"
"Quick Bluetooth pairing","they feel light in the ear","5","2026-02-05","Viktor Horvath","viktor.horvath.69@example.com","9065901949091","predator-galea-330","GP.HDS11.01P","Predator Galea 330"
"Low latency calls","bluetooth pairing was quick","4","2026-02-07","Laura Nielsen","laura.nielsen.70@example.com","9065901949091","predator-galea-330","GP.HDS11.01P","Predator Galea 330"
"Surprising","latency stays low enough for casual play","5","2026-02-13","Marta Nowak","marta.nowak.71@example.com","9065901949091","predator-galea-330","GP.HDS11.01P","Predator Galea 330"
"Comfortable Bluetooth fit","surprisingly good.","4","2026-02-18","Giulia Greco","giulia.greco.72@example.com","9065901949091","predator-galea-330","GP.HDS11.01P","Predator Galea 330"
"Practical","happy with it because bluetooth pairing was quick","5","2026-02-23","Martin Weiss","martin.weiss.73@example.com","9065901949091","predator-galea-330","GP.HDS11.01P","Predator Galea 330"
"Clear gaming sound","works great :)","4","2026-03-08","Joana Pereira","joana.pereira.74@example.com","9065901949091","predator-galea-330","GP.HDS11.01P","Predator Galea 330"
"Smooth tracking feel","sound is clear for games","5","2026-03-24","Andy andy","andy.andy.75@example.com","9065901949091","predator-galea-330","GP.HDS11.01P","Predator Galea 330"
"Clear touch controls","calls come through clearly","5","2026-03-28","","anonymous.review.76.76@example.com","9065901949091","predator-galea-330","GP.HDS11.01P","Predator Galea 330"
"Fun RGB latency","used it a bit now","5","2026-03-30","","anonymous.review.77.77@example.com","9065901949091","predator-galea-330","GP.HDS11.01P","Predator Galea 330"
"Padded laptop sleeve","the rgb detail is fun","5","2026-04-04","","anonymous.review.78.78@example.com","9065901949091","predator-galea-330","GP.HDS11.01P","Predator Galea 330"
"Sturdy comfortable straps","happy with it because the laptop sleeve feels padded","5","2026-02-05","","anonymous.review.79.79@example.com","9065901981859","predator-utility-urban-backpack-16","GP.BAG11.07U","Predator Utility Urban backpack 16"""
"Practical clean look","it feels sturdy","5","2026-02-12","","anonymous.review.80.80@example.com","9065901981859","predator-utility-urban-backpack-16","GP.BAG11.07U","Predator Utility Urban backpack 16"""
"Quick delivery overall","not perfect because it is practical more than premium, still the look is clean","4","2026-02-16","","anonymous.review.81.81@example.com","9065901981859","predator-utility-urban-backpack-16","GP.BAG11.07U","Predator Utility Urban backpack 16"""
"Easy to organise","the look is clean","5","2026-02-16","","anonymous.review.82.82@example.com","9065901981859","predator-utility-urban-backpack-16","GP.BAG11.07U","Predator Utility Urban backpack 16"""
"Good daily storage","it is easy to organise","5","2026-02-19","","anonymous.review.83.83@example.com","9065901981859","predator-utility-urban-backpack-16","GP.BAG11.07U","Predator Utility Urban backpack 16"""
"Reliable laptop protection","it is easy to organise and it protects a laptop well","5","2026-02-21","","anonymous.review.84.84@example.com","9065901981859","predator-utility-urban-backpack-16","GP.BAG11.07U","Predator Utility Urban backpack 16"""
"Compact carry case","protects a laptop well","4","2026-03-07","","anonymous.review.85.85@example.com","9065901981859","predator-utility-urban-backpack-16","GP.BAG11.07U","Predator Utility Urban backpack 16"""
"Surprisingly good bag","great bag","4","2026-03-08","","anonymous.review.86.86@example.com","9065901981859","predator-utility-urban-backpack-16","GP.BAG11.07U","Predator Utility Urban backpack 16"""
"Solid zipper feel","the compartments are useful","5","2026-03-24","","anonymous.review.87.87@example.com","9065901981859","predator-utility-urban-backpack-16","GP.BAG11.07U","Predator Utility Urban backpack 16"""
"Comfortable daily carry","it protects a laptop well","5","2026-03-24","","anonymous.review.88.88@example.com","9065901981859","predator-utility-urban-backpack-16","GP.BAG11.07U","Predator Utility Urban backpack 16"""
"Solid travel zipper","best for daily carry, good otherwise because straps are comfortable","4","2026-03-28","","anonymous.review.89.89@example.com","9065901981859","predator-utility-urban-backpack-16","GP.BAG11.07U","Predator Utility Urban backpack 16"""
"Useful clean compartments","first impression: zips feel solid","4","2026-03-30","","anonymous.review.90.90@example.com","9065901981859","predator-utility-urban-backpack-16","GP.BAG11.07U","Predator Utility Urban backpack 16"""
"Great bag overall","Quick delivery","5","2026-04-01","","anonymous.review.91.91@example.com","9065901981859","predator-utility-urban-backpack-16","GP.BAG11.07U","Predator Utility Urban backpack 16"""
"Great","straps are comfortable","4","2026-04-05","","anonymous.review.92.92@example.com","9065901981859","predator-utility-urban-backpack-16","GP.BAG11.07U","Predator Utility Urban backpack 16"""
"Daily carry win","great bag.","5","2026-04-06","","anonymous.review.93.93@example.com","9065901981859","predator-utility-urban-backpack-16","GP.BAG11.07U","Predator Utility Urban backpack 16"""
